beacon_id,x,y,z
0,4.653517337489019,0.08323822351740162,0.7247736220055435
1,4.410476170516041,4.856299802551451,1.900915694848264
2,8.981544086472137,7.987007511569821,1.558366842655877
